implementation,n_features,n_samples,throughput,time_elapsed
cython,2.0,1000.0,0.00018776015291346564,0.17043019779999896
scipy,2.0,1000.0,0.00901843825336471,0.0035482862000037587
cython,100.0,1000.0,0.007175699386750125,0.22297478109999816
scipy,100.0,1000.0,0.027538827862599584,0.058099785799996084
cython,100.0,10000.0,0.0007270505977099771,22.006721472200002
scipy,100.0,10000.0,0.00267939401056188,5.971499502100005
cython,1000.0,10000.0,0.0017217140027474607,92.93064919299994
scipy,1000.0,10000.0,0.001670766836160046,95.76440981299997
