implementation,n_features,n_samples,throughput,time_elapsed
cython,2.0,1000.0,0.00017993623031882587,0.1778407824999988
scipy,2.0,1000.0,0.009298667204584358,0.003441353400003777
cython,100.0,1000.0,0.008872631010084871,0.1803298253000037
scipy,100.0,1000.0,0.029466416241416955,0.054299104000000396
cython,100.0,10000.0,0.0008774109832049374,18.235468105900004
scipy,100.0,10000.0,0.002718405633780773,5.885802987299991
cython,1000.0,10000.0,0.0018056414072809654,88.61117127399999
scipy,1000.0,10000.0,0.0016576670179103566,96.52119410669995
