implementation,n_features,n_samples,throughput,time_elapsed
cython,2.0,1000.0,0.00021804465278254346,0.14675893029999543
scipy,2.0,1000.0,0.010169856304391513,0.0031465537999963546
cython,100.0,1000.0,0.00846468723443853,0.18902056929999844
scipy,100.0,1000.0,0.032070070474237156,0.0498907541000051
cython,100.0,10000.0,0.0008296962294375408,19.284166219299994
scipy,100.0,10000.0,0.0030230211952836897,5.292718431799983
cython,1000.0,10000.0,0.0016809074232265145,95.18668178219998
scipy,1000.0,10000.0,0.0015575236801241895,102.7271700853
