implementation,n_features,n_samples,throughput,time_elapsed
cython,2.0,1000.0,0.00018769180643607767,0.17049225859999523
scipy,2.0,1000.0,0.011623585722927451,0.0027530230999957437
cython,100.0,1000.0,0.007581742435230747,0.21103328340001895
scipy,100.0,1000.0,0.03642147291764378,0.043930128900001364
cython,100.0,10000.0,0.0007497237661198825,21.34119354759999
scipy,100.0,10000.0,0.0029347553759621,5.451902441700009
cython,1000.0,10000.0,0.0016981904009854764,94.21793922939999
scipy,1000.0,10000.0,0.0016080927689806693,99.49674738069999
