implementation,n_features,n_samples,throughput,time_elapsed
cython,2.0,1000.0,0.0001575537418275206,0.20310529999999288
scipy,2.0,1000.0,0.008858986609984782,0.003612151300006872
cython,100.0,1000.0,0.006926348535189879,0.23100194740000007
scipy,100.0,1000.0,0.0275483728637088,0.058079655299997056
cython,100.0,10000.0,0.0006758965635163682,23.672261206299993
scipy,100.0,10000.0,0.0026444163931415897,6.050484349400006
cython,1000.0,10000.0,0.0016953006660888612,94.37853898159999
scipy,1000.0,10000.0,0.0016457607379391362,97.2194780879
